Sr.no,Recency (months),Frequency (times),Monetary (c.c. blood),Time (months),Year,Actual whether he/she donated blood,Location,Location_Name,Predicted
1,2,50,12500,98,2007,1,1,Kitchner Hospital,0
2,0,13,3250,28,2007,1,1,Kitchner Hospital,0
3,1,16,4000,35,2007,1,1,Kitchner Hospital,1
4,2,20,5000,45,2007,1,3,Victoria Hospital,1
5,1,24,6000,77,2007,0,2,Civik Hospital,0
6,4,4,1000,4,2007,0,2,Civik Hospital,1
7,2,7,1750,14,2007,1,3,Victoria Hospital,0
8,1,12,3000,35,2007,0,3,Victoria Hospital,0
9,2,9,2250,22,2007,1,3,Victoria Hospital,1
10,5,46,11500,98,2007,1,2,Civik Hospital,1
11,4,23,5750,58,2007,0,3,Victoria Hospital,1
12,0,3,750,4,2007,0,1,Kitchner Hospital,0
13,2,10,2500,28,2007,1,2,Civik Hospital,0
14,1,13,3250,47,2007,0,3,Victoria Hospital,1
15,2,6,1500,15,2007,1,2,Civik Hospital,0
16,2,5,1250,11,2007,1,1,Kitchner Hospital,1
17,2,14,3500,48,2007,1,2,Civik Hospital,1
18,2,15,3750,49,2007,1,2,Civik Hospital,0
19,2,6,1500,15,2007,1,2,Civik Hospital,1
20,2,3,750,4,2007,1,2,Civik Hospital,1
21,2,3,750,4,2007,1,2,Civik Hospital,0
22,4,11,2750,28,2007,0,2,Civik Hospital,0
23,2,6,1500,16,2007,1,3,Victoria Hospital,1
24,2,6,1500,16,2007,1,2,Civik Hospital,0
25,9,9,2250,16,2007,0,1,Kitchner Hospital,0
26,4,14,3500,40,2007,0,2,Civik Hospital,1
27,4,6,1500,14,2007,0,1,Kitchner Hospital,0
28,4,12,3000,34,2007,1,2,Civik Hospital,0
29,4,5,1250,11,2007,1,1,Kitchner Hospital,1
30,4,8,2000,21,2007,0,3,Victoria Hospital,0
31,1,14,3500,58,2007,0,2,Civik Hospital,0
32,4,10,2500,28,2007,1,2,Civik Hospital,1
33,4,10,2500,28,2007,1,3,Victoria Hospital,1
34,4,9,2250,26,2007,1,3,Victoria Hospital,1
35,2,16,4000,64,2007,0,1,Kitchner Hospital,1
36,2,8,2000,28,2007,1,2,Civik Hospital,0
37,2,12,3000,47,2007,1,3,Victoria Hospital,1
38,4,6,1500,16,2007,1,1,Kitchner Hospital,1
39,2,14,3500,57,2007,1,1,Kitchner Hospital,0
40,4,7,1750,22,2007,1,3,Victoria Hospital,0
41,2,13,3250,53,2007,1,1,Kitchner Hospital,0
42,2,5,1250,16,2007,0,3,Victoria Hospital,0
43,2,5,1250,16,2007,1,1,Kitchner Hospital,0
44,2,5,1250,16,2007,0,2,Civik Hospital,0
45,4,20,5000,69,2007,1,2,Civik Hospital,0
46,4,9,2250,28,2007,1,3,Victoria Hospital,1
47,2,9,2250,36,2007,0,2,Civik Hospital,0
48,2,2,500,2,2007,0,3,Victoria Hospital,0
49,2,2,500,2,2007,0,1,Kitchner Hospital,1
50,2,2,500,2,2007,0,1,Kitchner Hospital,1
51,2,11,2750,46,2007,0,3,Victoria Hospital,0
52,2,11,2750,46,2007,1,1,Kitchner Hospital,0
53,2,6,1500,22,2007,0,2,Civik Hospital,0
54,2,12,3000,52,2007,0,2,Civik Hospital,1
55,4,5,1250,14,2007,1,2,Civik Hospital,0
56,4,19,4750,69,2007,1,3,Victoria Hospital,0
57,4,8,2000,26,2007,1,2,Civik Hospital,0
58,2,7,1750,28,2007,1,3,Victoria Hospital,0
59,2,16,4000,81,2007,0,2,Civik Hospital,1
60,3,6,1500,21,2007,0,2,Civik Hospital,0
61,2,7,1750,29,2007,0,1,Kitchner Hospital,1
62,2,8,2000,35,2007,1,1,Kitchner Hospital,0
63,2,10,2500,49,2007,0,1,Kitchner Hospital,0
64,4,5,1250,16,2007,1,1,Kitchner Hospital,0
65,2,3,750,9,2007,1,1,Kitchner Hospital,1
66,3,16,4000,74,2007,0,1,Kitchner Hospital,1
67,2,4,1000,14,2007,1,2,Civik Hospital,1
68,0,2,500,4,2007,0,2,Civik Hospital,1
69,4,7,1750,25,2007,0,1,Kitchner Hospital,0
70,1,9,2250,51,2007,0,1,Kitchner Hospital,0
71,2,4,1000,16,2007,0,2,Civik Hospital,0
72,2,4,1000,16,2007,0,3,Victoria Hospital,0
73,4,17,4250,71,2007,1,3,Victoria Hospital,0
74,2,2,500,4,2007,0,3,Victoria Hospital,0
75,2,2,500,4,2007,1,3,Victoria Hospital,1
76,2,2,500,4,2007,1,3,Victoria Hospital,1
77,2,4,1000,16,2007,1,2,Civik Hospital,1
78,2,2,500,4,2007,0,2,Civik Hospital,1
79,2,2,500,4,2007,0,3,Victoria Hospital,0
80,2,2,500,4,2007,0,2,Civik Hospital,1
81,4,6,1500,23,2007,1,1,Kitchner Hospital,1
82,2,4,1000,16,2007,0,1,Kitchner Hospital,0
83,2,4,1000,16,2007,0,2,Civik Hospital,1
84,2,4,1000,16,2007,0,2,Civik Hospital,0
85,2,6,1500,28,2007,1,3,Victoria Hospital,1
86,2,6,1500,28,2007,0,1,Kitchner Hospital,1
87,4,2,500,4,2007,0,1,Kitchner Hospital,1
88,4,2,500,4,2007,0,1,Kitchner Hospital,1
89,4,2,500,4,2007,0,1,Kitchner Hospital,0
90,2,7,1750,35,2007,1,1,Kitchner Hospital,1
91,4,2,500,4,2007,1,3,Victoria Hospital,1
92,4,2,500,4,2007,0,3,Victoria Hospital,0
93,4,2,500,4,2007,0,3,Victoria Hospital,0
94,4,2,500,4,2007,0,2,Civik Hospital,0
95,12,11,2750,23,2007,0,1,Kitchner Hospital,0
96,4,7,1750,28,2007,0,2,Civik Hospital,0
97,3,17,4250,86,2007,0,3,Victoria Hospital,1
98,4,9,2250,38,2007,1,1,Kitchner Hospital,1
99,4,4,1000,14,2007,1,1,Kitchner Hospital,0
100,5,7,1750,26,2007,1,1,Kitchner Hospital,0
101,4,8,2000,34,2007,1,2,Civik Hospital,1
102,2,13,3250,76,2007,1,1,Kitchner Hospital,0
103,4,9,2250,40,2007,0,1,Kitchner Hospital,1
104,2,5,1250,26,2007,0,2,Civik Hospital,0
105,2,5,1250,26,2007,0,1,Kitchner Hospital,0
106,6,17,4250,70,2007,0,3,Victoria Hospital,0
107,0,8,2000,59,2007,0,3,Victoria Hospital,0
108,3,5,1250,26,2007,0,3,Victoria Hospital,1
109,2,3,750,14,2007,0,3,Victoria Hospital,0
110,2,10,2500,64,2007,0,1,Kitchner Hospital,1
111,4,5,1250,23,2007,1,2,Civik Hospital,0
112,4,9,2250,46,2007,0,3,Victoria Hospital,0
113,4,5,1250,23,2007,0,1,Kitchner Hospital,0
114,4,8,2000,40,2007,1,3,Victoria Hospital,1
115,2,12,3000,82,2007,0,3,Victoria Hospital,1
116,11,24,6000,64,2007,0,2,Civik Hospital,1
117,2,7,1750,46,2007,1,3,Victoria Hospital,1
118,4,11,2750,61,2007,0,3,Victoria Hospital,1
119,1,7,1750,57,2007,0,1,Kitchner Hospital,1
120,2,11,2750,79,2007,1,1,Kitchner Hospital,1
121,2,3,750,16,2007,1,1,Kitchner Hospital,1
122,4,5,1250,26,2007,1,3,Victoria Hospital,1
123,2,6,1500,41,2007,1,2,Civik Hospital,1
124,2,5,1250,33,2007,1,1,Kitchner Hospital,0
125,2,4,1000,26,2007,0,3,Victoria Hospital,1
126,2,5,1250,34,2007,0,1,Kitchner Hospital,0
127,4,8,2000,46,2007,1,3,Victoria Hospital,1
128,2,4,1000,26,2007,0,1,Kitchner Hospital,1
129,4,8,2000,48,2007,1,1,Kitchner Hospital,0
130,2,2,500,10,2007,1,1,Kitchner Hospital,1
131,4,5,1250,28,2007,0,1,Kitchner Hospital,1
132,2,12,3000,95,2007,0,1,Kitchner Hospital,0
133,2,2,500,10,2007,0,3,Victoria Hospital,0
134,4,6,1500,35,2007,0,3,Victoria Hospital,1
135,2,11,2750,88,2007,0,1,Kitchner Hospital,1
136,2,3,750,19,2007,0,2,Civik Hospital,0
137,2,5,1250,37,2007,0,2,Civik Hospital,0
138,2,12,3000,98,2007,0,3,Victoria Hospital,0
139,9,5,1250,19,2007,0,1,Kitchner Hospital,1
140,2,2,500,11,2007,0,2,Civik Hospital,0
141,2,9,2250,74,2007,0,2,Civik Hospital,0
142,5,14,3500,86,2007,0,3,Victoria Hospital,0
143,4,3,750,16,2007,0,1,Kitchner Hospital,0
144,4,3,750,16,2007,0,1,Kitchner Hospital,1
145,4,2,500,9,2007,1,3,Victoria Hospital,0
146,4,3,750,16,2007,1,3,Victoria Hospital,0
147,6,3,750,14,2007,0,1,Kitchner Hospital,1
148,2,2,500,11,2007,0,1,Kitchner Hospital,0
149,2,2,500,11,2007,1,1,Kitchner Hospital,0
150,2,2,500,11,2007,0,1,Kitchner Hospital,0
151,2,7,1750,58,2007,1,2,Civik Hospital,0
152,4,6,1500,39,2007,0,3,Victoria Hospital,0
153,4,11,2750,78,2007,0,2,Civik Hospital,0
154,2,1,250,2,2007,1,3,Victoria Hospital,1
155,2,1,250,2,2007,0,1,Kitchner Hospital,0
156,2,1,250,2,2007,0,3,Victoria Hospital,1
157,2,1,250,2,2007,0,2,Civik Hospital,1
158,2,1,250,2,2007,0,1,Kitchner Hospital,0
159,2,1,250,2,2007,0,3,Victoria Hospital,1
160,2,1,250,2,2007,0,2,Civik Hospital,1
161,2,1,250,2,2007,0,2,Civik Hospital,1
162,2,1,250,2,2007,0,2,Civik Hospital,0
163,2,1,250,2,2007,0,2,Civik Hospital,0
164,2,1,250,2,2007,1,1,Kitchner Hospital,0
165,2,1,250,2,2007,1,2,Civik Hospital,0
166,2,1,250,2,2007,1,3,Victoria Hospital,1
167,2,1,250,2,2007,0,3,Victoria Hospital,0
168,2,1,250,2,2007,0,1,Kitchner Hospital,1
169,2,1,250,2,2007,0,3,Victoria Hospital,1
170,2,1,250,2,2007,0,1,Kitchner Hospital,0
171,2,1,250,2,2007,0,3,Victoria Hospital,0
172,2,1,250,2,2007,0,3,Victoria Hospital,1
173,2,1,250,2,2007,0,1,Kitchner Hospital,0
174,2,1,250,2,2007,0,1,Kitchner Hospital,1
175,2,1,250,2,2007,0,2,Civik Hospital,0
176,11,10,2500,35,2007,0,2,Civik Hospital,0
177,11,4,1000,16,2007,1,1,Kitchner Hospital,0
178,4,5,1250,33,2007,1,1,Kitchner Hospital,1
179,4,6,1500,41,2007,1,2,Civik Hospital,1
180,2,3,750,22,2007,0,1,Kitchner Hospital,1
181,4,4,1000,26,2007,1,3,Victoria Hospital,0
182,10,4,1000,16,2007,0,3,Victoria Hospital,1
183,2,4,1000,35,2007,0,3,Victoria Hospital,1
184,4,12,3000,88,2007,0,2,Civik Hospital,1
185,13,8,2000,26,2007,0,1,Kitchner Hospital,1
186,11,9,2250,33,2007,0,2,Civik Hospital,1
187,4,5,1250,34,2007,0,1,Kitchner Hospital,0
188,4,4,1000,26,2007,0,3,Victoria Hospital,1
189,8,15,3750,77,2007,0,3,Victoria Hospital,0
190,4,5,1250,35,2007,1,2,Civik Hospital,1
191,4,7,1750,52,2007,0,3,Victoria Hospital,0
192,4,7,1750,52,2007,0,3,Victoria Hospital,1
193,2,4,1000,35,2007,0,3,Victoria Hospital,1
194,11,11,2750,42,2007,0,3,Victoria Hospital,0
195,2,2,500,14,2007,0,3,Victoria Hospital,1
196,2,5,1250,47,2007,1,3,Victoria Hospital,0
197,9,8,2000,38,2007,1,2,Civik Hospital,0
198,4,6,1500,47,2007,0,3,Victoria Hospital,0
199,11,7,1750,29,2007,0,1,Kitchner Hospital,0
200,9,9,2250,45,2007,0,3,Victoria Hospital,0
201,4,6,1500,52,2007,0,1,Kitchner Hospital,1
202,4,7,1750,58,2007,0,2,Civik Hospital,0
203,6,2,500,11,2007,1,1,Kitchner Hospital,0
204,4,7,1750,58,2007,0,2,Civik Hospital,1
205,11,9,2250,38,2007,0,3,Victoria Hospital,1
206,11,6,1500,26,2007,0,2,Civik Hospital,1
207,2,2,500,16,2007,0,2,Civik Hospital,0
208,2,7,1750,76,2007,0,3,Victoria Hospital,0
209,11,6,1500,27,2007,0,2,Civik Hospital,0
210,11,3,750,14,2007,0,2,Civik Hospital,1
211,4,1,250,4,2007,0,3,Victoria Hospital,1
212,4,1,250,4,2007,0,2,Civik Hospital,1
213,4,1,250,4,2007,0,1,Kitchner Hospital,0
214,4,1,250,4,2007,0,1,Kitchner Hospital,0
215,4,1,250,4,2007,0,2,Civik Hospital,0
216,4,1,250,4,2007,1,2,Civik Hospital,1
217,4,1,250,4,2007,0,2,Civik Hospital,1
218,4,1,250,4,2007,0,3,Victoria Hospital,0
219,4,1,250,4,2007,0,2,Civik Hospital,1
220,4,1,250,4,2007,0,3,Victoria Hospital,1
221,4,1,250,4,2007,0,2,Civik Hospital,1
222,4,1,250,4,2007,1,1,Kitchner Hospital,0
223,4,1,250,4,2007,1,3,Victoria Hospital,1
224,4,1,250,4,2007,0,2,Civik Hospital,1
225,4,1,250,4,2007,1,3,Victoria Hospital,1
226,4,1,250,4,2007,1,1,Kitchner Hospital,0
227,4,1,250,4,2007,0,3,Victoria Hospital,0
228,4,3,750,24,2007,0,1,Kitchner Hospital,1
229,4,1,250,4,2007,0,1,Kitchner Hospital,0
230,4,1,250,4,2007,0,3,Victoria Hospital,1
231,4,1,250,4,2007,0,3,Victoria Hospital,1
232,4,1,250,4,2007,1,1,Kitchner Hospital,1
233,4,1,250,4,2007,0,2,Civik Hospital,1
234,10,8,2000,39,2007,0,3,Victoria Hospital,0
235,14,7,1750,26,2007,0,3,Victoria Hospital,1
236,8,10,2500,63,2007,0,1,Kitchner Hospital,1
237,11,3,750,15,2007,0,2,Civik Hospital,0
238,4,2,500,14,2007,0,2,Civik Hospital,1
239,2,4,1000,43,2007,0,3,Victoria Hospital,1
240,8,9,2250,58,2007,0,2,Civik Hospital,0
241,8,8,2000,52,2007,1,2,Civik Hospital,1
242,11,22,5500,98,2007,0,2,Civik Hospital,1
243,4,3,750,25,2007,1,1,Kitchner Hospital,1
244,11,17,4250,79,2007,1,1,Kitchner Hospital,1
245,9,2,500,11,2007,0,3,Victoria Hospital,0
246,4,5,1250,46,2007,0,3,Victoria Hospital,0
247,11,12,3000,58,2007,0,3,Victoria Hospital,0
248,7,12,3000,86,2007,0,1,Kitchner Hospital,0
249,11,2,500,11,2007,0,1,Kitchner Hospital,0
250,11,2,500,11,2007,0,1,Kitchner Hospital,0
251,11,2,500,11,2007,0,2,Civik Hospital,1
252,2,6,1500,75,2007,0,2,Civik Hospital,1
253,11,8,2000,41,2007,1,3,Victoria Hospital,1
254,11,3,750,16,2007,1,1,Kitchner Hospital,1
255,12,13,3250,59,2007,0,1,Kitchner Hospital,0
256,2,3,750,35,2007,0,2,Civik Hospital,0
257,16,8,2000,28,2007,0,2,Civik Hospital,0
258,11,7,1750,37,2007,0,3,Victoria Hospital,0
259,4,3,750,28,2007,0,1,Kitchner Hospital,1
260,12,12,3000,58,2007,0,3,Victoria Hospital,1
261,4,4,1000,41,2007,0,2,Civik Hospital,0
262,11,14,3500,73,2007,1,1,Kitchner Hospital,0
263,2,2,500,23,2007,0,1,Kitchner Hospital,1
264,2,3,750,38,2007,1,3,Victoria Hospital,0
265,4,5,1250,58,2007,0,1,Kitchner Hospital,0
266,4,4,1000,43,2007,1,2,Civik Hospital,1
267,3,2,500,23,2007,0,3,Victoria Hospital,1
268,11,8,2000,46,2007,0,2,Civik Hospital,1
269,4,7,1750,82,2007,0,2,Civik Hospital,1
270,13,4,1000,21,2007,0,3,Victoria Hospital,1
271,16,11,2750,40,2007,0,2,Civik Hospital,1
272,16,7,1750,28,2007,0,1,Kitchner Hospital,1
273,7,2,500,16,2007,0,2,Civik Hospital,0
274,4,5,1250,58,2007,0,3,Victoria Hospital,0
275,4,5,1250,58,2007,0,2,Civik Hospital,1
276,4,4,1000,46,2007,0,1,Kitchner Hospital,1
277,14,13,3250,57,2007,0,3,Victoria Hospital,0
278,4,3,750,34,2007,0,3,Victoria Hospital,1
279,14,18,4500,78,2007,0,2,Civik Hospital,1
280,11,8,2000,48,2007,0,3,Victoria Hospital,0
281,14,16,4000,70,2007,0,2,Civik Hospital,1
282,14,4,1000,22,2007,1,2,Civik Hospital,1
283,14,5,1250,26,2007,0,2,Civik Hospital,0
284,8,2,500,16,2007,0,1,Kitchner Hospital,0
285,11,5,1250,33,2007,0,2,Civik Hospital,0
286,11,2,500,14,2007,0,1,Kitchner Hospital,0
287,4,2,500,23,2007,0,2,Civik Hospital,0
288,9,2,500,16,2007,1,1,Kitchner Hospital,1
289,14,5,1250,28,2007,1,2,Civik Hospital,0
290,14,3,750,19,2007,1,3,Victoria Hospital,0
291,14,4,1000,23,2007,1,2,Civik Hospital,1
292,16,12,3000,50,2007,0,2,Civik Hospital,0
293,11,4,1000,28,2007,0,2,Civik Hospital,0
294,11,5,1250,35,2007,0,3,Victoria Hospital,0
295,11,5,1250,35,2007,0,2,Civik Hospital,1
296,2,4,1000,70,2007,0,1,Kitchner Hospital,1
297,14,5,1250,28,2007,0,2,Civik Hospital,0
298,14,2,500,14,2007,0,2,Civik Hospital,1
299,14,2,500,14,2007,0,3,Victoria Hospital,0
300,14,2,500,14,2007,0,2,Civik Hospital,0
301,14,2,500,14,2007,0,2,Civik Hospital,0
302,14,2,500,14,2007,0,1,Kitchner Hospital,0
303,14,2,500,14,2007,0,3,Victoria Hospital,0
304,2,3,750,52,2007,0,1,Kitchner Hospital,1
305,14,6,1500,34,2007,0,1,Kitchner Hospital,0
306,11,5,1250,37,2007,1,2,Civik Hospital,0
307,4,5,1250,74,2007,0,2,Civik Hospital,0
308,11,3,750,23,2007,0,2,Civik Hospital,1
309,16,4,1000,23,2007,0,2,Civik Hospital,1
310,16,3,750,19,2007,0,3,Victoria Hospital,0
311,11,5,1250,38,2007,0,3,Victoria Hospital,0
312,11,2,500,16,2007,0,3,Victoria Hospital,0
313,12,9,2250,60,2007,0,2,Civik Hospital,0
314,9,1,250,9,2007,0,3,Victoria Hospital,0
315,9,1,250,9,2007,0,3,Victoria Hospital,0
316,4,2,500,29,2007,0,3,Victoria Hospital,0
317,11,2,500,17,2007,0,3,Victoria Hospital,0
318,14,4,1000,26,2007,0,1,Kitchner Hospital,0
319,11,9,2250,72,2007,1,1,Kitchner Hospital,0
320,11,5,1250,41,2007,0,2,Civik Hospital,0
321,15,16,4000,82,2007,0,2,Civik Hospital,0
322,9,5,1250,51,2007,1,1,Kitchner Hospital,0
323,11,4,1000,34,2007,0,2,Civik Hospital,0
324,14,8,2000,50,2007,1,2,Civik Hospital,0
325,16,7,1750,38,2007,0,1,Kitchner Hospital,1
326,14,2,500,16,2007,0,3,Victoria Hospital,0
327,2,2,500,41,2007,0,2,Civik Hospital,1
328,14,16,4000,98,2007,0,3,Victoria Hospital,1
329,14,4,1000,28,2007,1,3,Victoria Hospital,1
330,16,7,1750,39,2007,0,1,Kitchner Hospital,1
331,14,7,1750,47,2007,0,1,Kitchner Hospital,0
332,16,6,1500,35,2007,0,1,Kitchner Hospital,1
333,16,6,1500,35,2007,1,2,Civik Hospital,1
334,11,7,1750,62,2007,1,1,Kitchner Hospital,1
335,16,2,500,16,2007,0,2,Civik Hospital,0
336,16,3,750,21,2007,1,2,Civik Hospital,0
337,11,3,750,28,2007,0,2,Civik Hospital,1
338,11,7,1750,64,2007,0,1,Kitchner Hospital,1
339,11,1,250,11,2007,1,1,Kitchner Hospital,0
340,9,3,750,34,2007,0,2,Civik Hospital,1
341,14,4,1000,30,2007,0,1,Kitchner Hospital,0
342,23,38,9500,98,2007,0,1,Kitchner Hospital,1
343,11,6,1500,58,2007,0,2,Civik Hospital,1
344,11,1,250,11,2007,0,1,Kitchner Hospital,0
345,11,1,250,11,2007,0,2,Civik Hospital,0
346,11,1,250,11,2007,0,3,Victoria Hospital,0
347,11,1,250,11,2007,0,2,Civik Hospital,0
348,11,1,250,11,2007,0,3,Victoria Hospital,0
349,11,1,250,11,2007,0,1,Kitchner Hospital,0
350,11,1,250,11,2007,0,1,Kitchner Hospital,0
351,11,1,250,11,2007,0,2,Civik Hospital,0
352,11,2,500,21,2007,0,2,Civik Hospital,1
353,11,5,1250,50,2007,0,1,Kitchner Hospital,0
354,11,2,500,21,2007,0,2,Civik Hospital,0
355,16,4,1000,28,2007,0,2,Civik Hospital,1
356,4,2,500,41,2007,0,3,Victoria Hospital,1
357,16,6,1500,40,2007,0,2,Civik Hospital,0
358,14,3,750,26,2007,0,3,Victoria Hospital,1
359,9,2,500,26,2007,0,2,Civik Hospital,0
360,21,16,4000,64,2007,0,3,Victoria Hospital,1
361,14,6,1500,51,2007,0,3,Victoria Hospital,0
362,11,2,500,24,2007,0,3,Victoria Hospital,0
363,4,3,750,71,2007,0,2,Civik Hospital,0
364,21,13,3250,57,2007,0,3,Victoria Hospital,1
365,11,6,1500,71,2007,0,3,Victoria Hospital,0
366,14,2,500,21,2007,1,1,Kitchner Hospital,1
367,23,15,3750,57,2007,0,3,Victoria Hospital,0
368,14,4,1000,38,2007,0,3,Victoria Hospital,0
369,11,2,500,26,2007,0,3,Victoria Hospital,1
370,16,5,1250,40,2007,1,2,Civik Hospital,1
371,4,2,500,51,2007,1,3,Victoria Hospital,1
372,14,3,750,31,2007,0,3,Victoria Hospital,0
373,4,2,500,52,2007,0,2,Civik Hospital,1
374,9,4,1000,65,2007,0,1,Kitchner Hospital,1
375,14,4,1000,40,2007,0,1,Kitchner Hospital,0
376,11,3,750,40,2007,1,1,Kitchner Hospital,1
377,14,5,1250,50,2007,0,2,Civik Hospital,0
378,14,1,250,14,2007,0,2,Civik Hospital,0
379,14,1,250,14,2007,0,2,Civik Hospital,1
380,14,1,250,14,2007,0,3,Victoria Hospital,0
381,14,1,250,14,2007,0,3,Victoria Hospital,0
382,14,1,250,14,2007,0,1,Kitchner Hospital,0
383,14,1,250,14,2007,0,3,Victoria Hospital,1
384,14,1,250,14,2007,0,1,Kitchner Hospital,1
385,14,1,250,14,2007,0,2,Civik Hospital,1
386,14,7,1750,72,2007,0,2,Civik Hospital,1
387,14,1,250,14,2007,0,1,Kitchner Hospital,1
388,14,1,250,14,2007,0,3,Victoria Hospital,0
389,9,3,750,52,2007,0,3,Victoria Hospital,1
390,14,7,1750,73,2007,0,3,Victoria Hospital,1
391,11,4,1000,58,2007,0,3,Victoria Hospital,1
392,11,4,1000,59,2007,0,2,Civik Hospital,1
393,4,2,500,59,2007,0,2,Civik Hospital,0
394,11,4,1000,61,2007,0,3,Victoria Hospital,0
395,16,4,1000,40,2007,0,1,Kitchner Hospital,1
396,16,10,2500,89,2007,0,2,Civik Hospital,1
397,21,2,500,21,2007,1,3,Victoria Hospital,1
398,21,3,750,26,2007,0,1,Kitchner Hospital,1
399,16,8,2000,76,2007,0,1,Kitchner Hospital,0
400,21,3,750,26,2007,1,2,Civik Hospital,1
401,18,2,500,23,2007,0,1,Kitchner Hospital,0
402,23,5,1250,33,2007,0,3,Victoria Hospital,1
403,23,8,2000,46,2007,0,3,Victoria Hospital,1
404,16,3,750,34,2007,0,1,Kitchner Hospital,1
405,14,5,1250,64,2007,0,2,Civik Hospital,0
406,14,3,750,41,2007,0,1,Kitchner Hospital,1
407,16,1,250,16,2007,0,1,Kitchner Hospital,1
408,16,1,250,16,2007,0,3,Victoria Hospital,0
409,16,1,250,16,2007,0,1,Kitchner Hospital,0
410,16,1,250,16,2007,0,1,Kitchner Hospital,1
411,16,1,250,16,2007,0,1,Kitchner Hospital,0
412,16,1,250,16,2007,0,2,Civik Hospital,0
413,16,1,250,16,2007,0,1,Kitchner Hospital,1
414,16,4,1000,45,2007,0,1,Kitchner Hospital,0
415,16,1,250,16,2007,0,3,Victoria Hospital,1
416,16,1,250,16,2007,0,2,Civik Hospital,0
417,16,1,250,16,2007,0,3,Victoria Hospital,0
418,16,1,250,16,2007,0,1,Kitchner Hospital,1
419,16,1,250,16,2007,0,2,Civik Hospital,0
420,16,2,500,26,2007,0,3,Victoria Hospital,0
421,21,2,500,23,2007,0,3,Victoria Hospital,1
422,16,2,500,27,2007,0,2,Civik Hospital,1
423,21,2,500,23,2007,0,1,Kitchner Hospital,0
424,21,2,500,23,2007,0,3,Victoria Hospital,0
425,14,4,1000,57,2007,0,2,Civik Hospital,1
426,16,5,1250,60,2007,0,2,Civik Hospital,0
427,23,2,500,23,2007,0,2,Civik Hospital,0
428,14,5,1250,74,2007,0,3,Victoria Hospital,0
429,23,3,750,28,2007,0,3,Victoria Hospital,0
430,16,3,750,40,2007,0,3,Victoria Hospital,0
431,9,2,500,52,2007,0,2,Civik Hospital,0
432,9,2,500,52,2007,0,1,Kitchner Hospital,1
433,16,7,1750,87,2007,1,2,Civik Hospital,1
434,14,4,1000,64,2007,0,3,Victoria Hospital,0
435,14,2,500,35,2007,0,2,Civik Hospital,0
436,16,7,1750,93,2007,0,1,Kitchner Hospital,1
437,21,2,500,25,2007,0,1,Kitchner Hospital,1
438,14,3,750,52,2007,0,2,Civik Hospital,0
439,23,14,3500,93,2007,0,3,Victoria Hospital,0
440,18,8,2000,95,2007,0,1,Kitchner Hospital,0
441,16,3,750,46,2007,0,1,Kitchner Hospital,1
442,11,3,750,76,2007,0,2,Civik Hospital,1
443,11,2,500,52,2007,0,3,Victoria Hospital,0
444,11,3,750,76,2007,0,2,Civik Hospital,1
445,23,12,3000,86,2007,0,1,Kitchner Hospital,0
446,21,3,750,35,2007,0,1,Kitchner Hospital,1
447,23,2,500,26,2007,0,1,Kitchner Hospital,0
448,23,2,500,26,2007,0,2,Civik Hospital,0
449,23,8,2000,64,2007,0,1,Kitchner Hospital,1
450,16,3,750,50,2007,0,2,Civik Hospital,1
451,23,3,750,33,2007,0,2,Civik Hospital,0
452,21,3,750,38,2007,0,3,Victoria Hospital,1
453,23,2,500,28,2007,0,3,Victoria Hospital,0
454,21,1,250,21,2007,0,3,Victoria Hospital,0
455,21,1,250,21,2007,0,1,Kitchner Hospital,1
456,21,1,250,21,2007,0,1,Kitchner Hospital,1
457,21,1,250,21,2007,0,2,Civik Hospital,1
458,21,1,250,21,2007,0,3,Victoria Hospital,1
459,21,1,250,21,2007,0,3,Victoria Hospital,1
460,21,1,250,21,2007,0,3,Victoria Hospital,0
461,21,1,250,21,2007,0,3,Victoria Hospital,1
462,21,1,250,21,2007,0,3,Victoria Hospital,1
463,21,1,250,21,2007,1,2,Civik Hospital,1
464,21,1,250,21,2007,0,1,Kitchner Hospital,0
465,21,1,250,21,2007,0,3,Victoria Hospital,0
466,21,5,1250,60,2007,0,2,Civik Hospital,0
467,23,4,1000,45,2007,0,3,Victoria Hospital,0
468,21,4,1000,52,2007,0,2,Civik Hospital,0
469,22,1,250,22,2007,1,1,Kitchner Hospital,0
470,11,2,500,70,2007,0,3,Victoria Hospital,0
471,23,5,1250,58,2007,0,3,Victoria Hospital,1
472,23,3,750,40,2007,0,1,Kitchner Hospital,0
473,23,3,750,41,2007,0,2,Civik Hospital,0
474,14,3,750,83,2007,0,1,Kitchner Hospital,1
475,21,2,500,35,2007,0,3,Victoria Hospital,0
476,26,5,1250,49,2007,1,3,Victoria Hospital,1
477,23,6,1500,70,2007,0,1,Kitchner Hospital,1
478,23,1,250,23,2007,0,1,Kitchner Hospital,1
479,23,1,250,23,2007,0,3,Victoria Hospital,1
480,23,1,250,23,2007,0,2,Civik Hospital,0
481,23,1,250,23,2007,0,2,Civik Hospital,0
482,23,1,250,23,2007,0,2,Civik Hospital,0
483,23,1,250,23,2007,0,3,Victoria Hospital,1
484,23,1,250,23,2007,0,2,Civik Hospital,0
485,23,1,250,23,2007,0,3,Victoria Hospital,0
486,23,4,1000,53,2007,0,1,Kitchner Hospital,0
487,21,6,1500,86,2007,0,1,Kitchner Hospital,1
488,23,3,750,48,2007,0,3,Victoria Hospital,0
489,21,2,500,41,2007,0,2,Civik Hospital,0
490,21,3,750,64,2007,0,3,Victoria Hospital,0
491,16,2,500,70,2007,0,3,Victoria Hospital,1
492,21,3,750,70,2007,0,1,Kitchner Hospital,0
493,23,4,1000,87,2007,0,1,Kitchner Hospital,0
494,23,3,750,89,2007,0,3,Victoria Hospital,1
495,23,2,500,87,2007,0,3,Victoria Hospital,0
496,35,3,750,64,2007,0,3,Victoria Hospital,0
497,38,1,250,38,2007,0,1,Kitchner Hospital,1
498,38,1,250,38,2007,0,1,Kitchner Hospital,1
499,40,1,250,40,2007,0,2,Civik Hospital,0
500,74,1,250,74,2007,0,3,Victoria Hospital,1
501,2,43,10750,86,2007,1,3,Victoria Hospital,0
502,6,22,5500,28,2007,1,3,Victoria Hospital,0
503,2,34,8500,77,2007,1,2,Civik Hospital,1
504,2,44,11000,98,2007,0,3,Victoria Hospital,0
505,0,26,6500,76,2007,1,3,Victoria Hospital,0
506,2,41,10250,98,2007,1,1,Kitchner Hospital,1
507,3,21,5250,42,2007,1,2,Civik Hospital,0
508,2,11,2750,23,2007,0,3,Victoria Hospital,1
509,2,21,5250,52,2007,1,2,Civik Hospital,1
510,2,13,3250,32,2007,1,1,Kitchner Hospital,0
511,4,4,1000,4,2007,1,3,Victoria Hospital,0
512,2,11,2750,26,2007,0,1,Kitchner Hospital,1
513,2,11,2750,28,2007,0,2,Civik Hospital,0
514,3,14,3500,35,2007,0,2,Civik Hospital,0
515,4,16,4000,38,2007,1,3,Victoria Hospital,0
516,4,6,1500,14,2007,0,3,Victoria Hospital,0
517,3,5,1250,12,2007,1,2,Civik Hospital,0
518,4,33,8250,98,2007,1,1,Kitchner Hospital,0
519,3,10,2500,33,2007,1,2,Civik Hospital,0
520,4,10,2500,28,2007,1,3,Victoria Hospital,1
521,2,11,2750,40,2007,1,2,Civik Hospital,1
522,2,11,2750,41,2007,1,3,Victoria Hospital,0
523,4,13,3250,39,2007,1,2,Civik Hospital,1
524,1,10,2500,43,2007,1,3,Victoria Hospital,0
525,4,9,2250,28,2007,0,2,Civik Hospital,0
526,2,4,1000,11,2007,0,2,Civik Hospital,1
527,2,5,1250,16,2007,1,3,Victoria Hospital,1
528,2,15,3750,64,2007,0,1,Kitchner Hospital,1
529,5,24,6000,79,2007,0,2,Civik Hospital,1
530,2,6,1500,22,2007,1,1,Kitchner Hospital,0
531,4,5,1250,16,2007,1,2,Civik Hospital,1
532,2,4,1000,14,2007,1,3,Victoria Hospital,1
533,4,8,2000,28,2007,0,2,Civik Hospital,1
534,2,4,1000,14,2007,0,2,Civik Hospital,1
535,2,6,1500,26,2007,0,2,Civik Hospital,1
536,4,5,1250,16,2007,1,3,Victoria Hospital,1
537,2,7,1750,32,2007,1,3,Victoria Hospital,1
538,2,6,1500,26,2007,1,2,Civik Hospital,0
539,2,8,2000,38,2007,1,2,Civik Hospital,0
540,2,2,500,4,2007,1,2,Civik Hospital,1
541,2,6,1500,28,2007,1,2,Civik Hospital,1
542,2,10,2500,52,2007,0,2,Civik Hospital,0
543,4,16,4000,70,2007,1,3,Victoria Hospital,0
544,4,2,500,4,2007,1,1,Kitchner Hospital,0
545,1,14,3500,95,2007,0,2,Civik Hospital,1
546,4,2,500,4,2007,1,2,Civik Hospital,1
547,7,14,3500,48,2007,0,3,Victoria Hospital,0
548,2,3,750,11,2007,0,2,Civik Hospital,0
549,2,12,3000,70,2007,1,3,Victoria Hospital,0
550,4,7,1750,32,2007,1,3,Victoria Hospital,0
551,4,4,1000,16,2007,0,2,Civik Hospital,1
552,2,6,1500,35,2007,1,1,Kitchner Hospital,1
553,4,6,1500,28,2007,1,2,Civik Hospital,1
554,2,3,750,14,2007,0,3,Victoria Hospital,0
555,2,4,1000,23,2007,0,3,Victoria Hospital,1
556,4,4,1000,18,2007,0,2,Civik Hospital,0
557,5,6,1500,28,2007,0,3,Victoria Hospital,0
558,4,6,1500,30,2007,0,3,Victoria Hospital,1
559,14,5,1250,14,2007,0,2,Civik Hospital,0
560,3,8,2000,50,2007,0,3,Victoria Hospital,1
561,4,11,2750,64,2007,1,2,Civik Hospital,0
562,4,9,2250,52,2007,0,1,Kitchner Hospital,0
563,4,16,4000,98,2007,1,3,Victoria Hospital,0
564,7,10,2500,47,2007,0,2,Civik Hospital,1
565,4,14,3500,86,2007,0,1,Kitchner Hospital,1
566,2,9,2250,75,2007,0,2,Civik Hospital,0
567,4,6,1500,35,2007,0,3,Victoria Hospital,1
568,4,9,2250,55,2007,0,3,Victoria Hospital,0
569,4,6,1500,35,2007,1,1,Kitchner Hospital,1
570,2,6,1500,45,2007,0,3,Victoria Hospital,1
571,2,6,1500,47,2007,0,3,Victoria Hospital,1
572,4,2,500,9,2007,0,3,Victoria Hospital,1
573,2,2,500,11,2007,1,3,Victoria Hospital,1
574,2,2,500,11,2007,0,3,Victoria Hospital,1
575,2,2,500,11,2007,1,2,Civik Hospital,0
576,4,6,1500,38,2007,1,3,Victoria Hospital,0
577,3,4,1000,29,2007,1,3,Victoria Hospital,1
578,9,9,2250,38,2007,0,3,Victoria Hospital,0
579,11,5,1250,18,2007,0,3,Victoria Hospital,1
580,2,3,750,21,2007,0,1,Kitchner Hospital,0
581,2,1,250,2,2007,0,1,Kitchner Hospital,0
582,2,1,250,2,2007,1,1,Kitchner Hospital,0
583,2,1,250,2,2007,0,1,Kitchner Hospital,0
584,2,1,250,2,2007,0,2,Civik Hospital,0
585,2,1,250,2,2007,0,2,Civik Hospital,1
586,2,1,250,2,2007,0,2,Civik Hospital,1
587,2,1,250,2,2007,1,2,Civik Hospital,1
588,2,1,250,2,2007,0,1,Kitchner Hospital,1
589,2,1,250,2,2007,0,2,Civik Hospital,0
590,2,1,250,2,2007,0,2,Civik Hospital,1
591,2,1,250,2,2007,0,2,Civik Hospital,0
592,11,11,2750,38,2007,0,1,Kitchner Hospital,1
593,2,3,750,22,2007,0,3,Victoria Hospital,0
594,9,11,2750,49,2007,1,3,Victoria Hospital,1
595,5,11,2750,75,2007,0,2,Civik Hospital,0
596,3,5,1250,38,2007,0,1,Kitchner Hospital,0
597,3,1,250,3,2007,1,3,Victoria Hospital,1
598,4,6,1500,43,2007,0,2,Civik Hospital,0
599,2,3,750,24,2007,0,2,Civik Hospital,1
600,12,11,2750,39,2007,0,2,Civik Hospital,1
601,2,2,500,14,2007,0,3,Victoria Hospital,1
602,4,6,1500,46,2007,0,1,Kitchner Hospital,0
603,9,3,750,14,2007,0,3,Victoria Hospital,1
604,14,8,2000,26,2007,0,3,Victoria Hospital,0
605,4,2,500,13,2007,0,3,Victoria Hospital,0
606,4,11,2750,95,2007,0,2,Civik Hospital,0
607,2,7,1750,77,2007,0,1,Kitchner Hospital,1
608,2,7,1750,77,2007,0,2,Civik Hospital,0
609,4,1,250,4,2007,0,3,Victoria Hospital,0
610,4,1,250,4,2007,0,1,Kitchner Hospital,0
611,4,1,250,4,2007,0,3,Victoria Hospital,0
612,4,1,250,4,2007,0,1,Kitchner Hospital,1
613,4,1,250,4,2007,1,2,Civik Hospital,1
614,4,1,250,4,2007,0,3,Victoria Hospital,1
615,4,1,250,4,2007,0,1,Kitchner Hospital,1
616,4,1,250,4,2007,0,2,Civik Hospital,0
617,4,1,250,4,2007,0,3,Victoria Hospital,1
618,4,1,250,4,2007,0,1,Kitchner Hospital,0
619,4,1,250,4,2007,1,3,Victoria Hospital,0
620,4,1,250,4,2007,0,2,Civik Hospital,0
621,4,7,1750,62,2007,0,2,Civik Hospital,1
622,4,1,250,4,2007,0,2,Civik Hospital,0
623,4,4,1000,34,2007,1,2,Civik Hospital,1
624,11,6,1500,28,2007,0,2,Civik Hospital,0
625,13,3,750,14,2007,1,1,Kitchner Hospital,0
626,7,5,1250,35,2007,0,1,Kitchner Hospital,0
627,9,9,2250,54,2007,0,3,Victoria Hospital,0
628,11,2,500,11,2007,0,2,Civik Hospital,0
629,2,5,1250,63,2007,0,2,Civik Hospital,1
630,7,11,2750,89,2007,0,2,Civik Hospital,0
631,8,9,2250,64,2007,0,1,Kitchner Hospital,0
632,2,2,500,22,2007,0,2,Civik Hospital,0
633,6,3,750,26,2007,0,1,Kitchner Hospital,1
634,12,15,3750,71,2007,0,3,Victoria Hospital,1
635,13,3,750,16,2007,0,3,Victoria Hospital,1
636,11,16,4000,89,2007,0,3,Victoria Hospital,0
637,4,5,1250,58,2007,0,3,Victoria Hospital,0
638,14,7,1750,35,2007,0,2,Civik Hospital,1
639,11,4,1000,27,2007,0,1,Kitchner Hospital,0
640,7,9,2250,89,2007,1,1,Kitchner Hospital,0
641,11,8,2000,52,2007,1,1,Kitchner Hospital,0
642,7,5,1250,52,2007,0,3,Victoria Hospital,0
643,11,6,1500,41,2007,0,3,Victoria Hospital,1
644,10,5,1250,38,2007,0,2,Civik Hospital,0
645,14,2,500,14,2007,1,3,Victoria Hospital,1
646,14,2,500,14,2007,0,3,Victoria Hospital,0
647,14,2,500,14,2007,0,2,Civik Hospital,1
648,2,2,500,33,2007,0,3,Victoria Hospital,1
649,11,3,750,23,2007,0,1,Kitchner Hospital,1
650,14,8,2000,46,2007,0,1,Kitchner Hospital,0
651,9,1,250,9,2007,0,3,Victoria Hospital,1
652,16,5,1250,27,2007,0,2,Civik Hospital,0
653,14,4,1000,26,2007,0,2,Civik Hospital,0
654,4,2,500,30,2007,0,2,Civik Hospital,0
655,14,3,750,21,2007,0,2,Civik Hospital,0
656,16,16,4000,77,2007,0,3,Victoria Hospital,0
657,4,2,500,31,2007,0,3,Victoria Hospital,1
658,14,8,2000,50,2007,0,2,Civik Hospital,0
659,11,3,750,26,2007,0,1,Kitchner Hospital,0
660,14,7,1750,45,2007,0,3,Victoria Hospital,1
661,15,5,1250,33,2007,0,3,Victoria Hospital,1
662,16,2,500,16,2007,0,3,Victoria Hospital,0
663,16,3,750,21,2007,0,2,Civik Hospital,0
664,11,8,2000,72,2007,0,2,Civik Hospital,1
665,11,1,250,11,2007,0,1,Kitchner Hospital,0
666,11,1,250,11,2007,0,1,Kitchner Hospital,1
667,11,1,250,11,2007,0,2,Civik Hospital,0
668,11,1,250,11,2007,1,2,Civik Hospital,0
669,11,1,250,11,2007,0,2,Civik Hospital,1
670,2,3,750,75,2007,1,2,Civik Hospital,1
671,2,3,750,77,2007,0,3,Victoria Hospital,1
672,16,4,1000,28,2007,0,3,Victoria Hospital,1
673,16,15,3750,87,2007,0,1,Kitchner Hospital,0
674,16,14,3500,83,2007,0,2,Civik Hospital,0
675,16,10,2500,62,2007,0,2,Civik Hospital,1
676,16,3,750,23,2007,0,2,Civik Hospital,0
677,14,3,750,26,2007,0,3,Victoria Hospital,1
678,23,19,4750,62,2007,0,3,Victoria Hospital,1
679,11,7,1750,75,2007,0,3,Victoria Hospital,1
680,14,3,750,28,2007,0,2,Civik Hospital,0
681,20,14,3500,69,2007,1,2,Civik Hospital,0
682,4,2,500,46,2007,0,2,Civik Hospital,1
683,11,2,500,25,2007,0,1,Kitchner Hospital,0
684,11,3,750,37,2007,0,3,Victoria Hospital,1
685,16,4,1000,33,2007,0,3,Victoria Hospital,1
686,21,7,1750,38,2007,0,3,Victoria Hospital,0
687,13,7,1750,76,2007,0,2,Civik Hospital,0
688,16,6,1500,50,2007,0,1,Kitchner Hospital,1
689,14,3,750,33,2007,0,2,Civik Hospital,0
690,14,1,250,14,2007,0,3,Victoria Hospital,0
691,14,1,250,14,2007,0,1,Kitchner Hospital,1
692,14,1,250,14,2007,0,2,Civik Hospital,0
693,14,1,250,14,2007,0,3,Victoria Hospital,0
694,14,1,250,14,2007,0,3,Victoria Hospital,1
695,14,1,250,14,2007,0,1,Kitchner Hospital,0
696,17,7,1750,58,2007,1,1,Kitchner Hospital,0
697,14,3,750,35,2007,0,2,Civik Hospital,0
698,14,3,750,35,2007,0,1,Kitchner Hospital,0
699,16,7,1750,64,2007,0,3,Victoria Hospital,1
700,21,2,500,21,2007,0,1,Kitchner Hospital,0
701,16,3,750,35,2007,0,1,Kitchner Hospital,1
702,16,1,250,16,2007,0,2,Civik Hospital,0
703,16,1,250,16,2007,0,1,Kitchner Hospital,0
704,16,1,250,16,2007,0,3,Victoria Hospital,1
705,16,1,250,16,2007,0,1,Kitchner Hospital,0
706,16,1,250,16,2007,0,3,Victoria Hospital,0
707,14,2,500,29,2007,0,1,Kitchner Hospital,1
708,11,4,1000,74,2007,0,1,Kitchner Hospital,1
709,11,2,500,38,2007,1,2,Civik Hospital,1
710,21,6,1500,48,2007,0,3,Victoria Hospital,0
711,23,2,500,23,2007,0,3,Victoria Hospital,0
712,23,6,1500,45,2007,0,1,Kitchner Hospital,0
713,14,2,500,35,2007,1,1,Kitchner Hospital,0
714,16,6,1500,81,2007,0,1,Kitchner Hospital,1
715,16,4,1000,58,2007,0,3,Victoria Hospital,1
716,16,5,1250,71,2007,0,3,Victoria Hospital,0
717,21,2,500,26,2007,0,3,Victoria Hospital,0
718,21,3,750,35,2007,0,2,Civik Hospital,0
719,21,3,750,35,2007,0,1,Kitchner Hospital,0
720,23,8,2000,69,2007,0,3,Victoria Hospital,1
721,21,3,750,38,2007,0,1,Kitchner Hospital,0
722,23,3,750,35,2007,0,1,Kitchner Hospital,0
723,21,3,750,40,2007,0,2,Civik Hospital,0
724,23,2,500,28,2007,0,1,Kitchner Hospital,1
725,21,1,250,21,2007,0,3,Victoria Hospital,1
726,21,1,250,21,2007,0,2,Civik Hospital,1
727,25,6,1500,50,2007,0,3,Victoria Hospital,0
728,21,1,250,21,2007,0,3,Victoria Hospital,1
729,21,1,250,21,2007,0,1,Kitchner Hospital,0
730,23,3,750,39,2007,0,3,Victoria Hospital,0
731,21,2,500,33,2007,0,2,Civik Hospital,0
732,14,3,750,79,2007,0,2,Civik Hospital,1
733,23,1,250,23,2007,1,1,Kitchner Hospital,0
734,23,1,250,23,2007,0,2,Civik Hospital,1
735,23,1,250,23,2007,0,2,Civik Hospital,0
736,23,1,250,23,2007,0,3,Victoria Hospital,1
737,23,1,250,23,2007,0,1,Kitchner Hospital,1
738,23,1,250,23,2007,0,1,Kitchner Hospital,1
739,23,1,250,23,2007,0,3,Victoria Hospital,0
740,23,4,1000,52,2007,0,3,Victoria Hospital,1
741,23,1,250,23,2007,0,2,Civik Hospital,1
742,23,7,1750,88,2007,0,1,Kitchner Hospital,1
743,16,3,750,86,2007,0,1,Kitchner Hospital,0
744,23,2,500,38,2007,0,1,Kitchner Hospital,0
745,21,2,500,52,2007,0,3,Victoria Hospital,1
746,23,3,750,62,2007,0,1,Kitchner Hospital,0
747,39,1,250,39,2007,0,1,Kitchner Hospital,1
748,72,1,250,72,2007,0,1,Kitchner Hospital,1
749,72,1,250,72,2007,0,1,Kitchner Hospital,0
